{
    "r2_score": 0.2334208811583922,
    "mse": 0.7672509546054349
}